"id","display_name","about_me","age","creation_date","last_access_date","location","reputation","up_votes","down_votes","views","profile_image_url","website_url"
"3627607","Tensibai","<p>SysAdmin with some Dev capabilities.</p>\n\n<p>Addicted to automation and regexes.</p>","","2014-05-12 08:15:56.337 UTC","2018-11-30 15:39:08.520 UTC","Nantes, France","13739","892","295","1939","https://www.gravatar.com/avatar/bd5fd623c0fdd0c93a2535cf6293ec5d?s=256&d=identicon&r=PG",""
"5073840","MatthewD","<p>Another developer.  About 20 years and counting.</p>\n\n<h1>SOreadytohelp</h1>","","2015-07-02 12:45:13.940 UTC","2018-12-01 00:17:01.040 UTC","Denver, CO","5412","2304","17","613","https://i.stack.imgur.com/yRIIb.jpg?s=128&g=1",""
"5073842","MatthewD","<p>Another developer.  About 20 years and counting.</p>\n\n<h1>SOreadytohelp</h1>","","2015-07-02 12:45:13.940 UTC","2018-12-01 00:17:01.040 UTC","Denver, CO","5412","2304","17","613","https://i.stack.imgur.com/yRIIb.jpg?s=128&g=1",""
"542045778","Brian Lagunas","<p>XAML Product Manager for @Infragistics | Microsoft MVP | Microsoft P&P Champion | Owner of Prism | Speaker | Pluralsight Author | XAML | Xamarin</p>","","2015-10-07 23:52:47.497 UTC","2018-11-28 02:51:51.297 UTC","","5584","56","30","1162","https://i.stack.imgur.com/2mx58.png?s=128&g=1","http://brianlagunas.com"
"3627604","Tensibai","<p>SysAdmin with some Dev capabilities.</p>\n\n<p>Addicted to automation and regexes.</p>","","2014-05-12 08:15:56.337 UTC","2018-11-30 15:39:08.520 UTC","Nantes, France","13739","892","295","1939","https://www.gravatar.com/avatar/bd5fd623c0fdd0c93a2535cf6293ec5d?s=256&d=identicon&r=PG",""
"3627603","Tensibai","<p>SysAdmin with some Dev capabilities.</p>\n\n<p>Addicted to automation and regexes.</p>","","2014-05-12 08:15:56.337 UTC","2018-11-30 15:39:08.520 UTC","Nantes, France","13739","892","295","1939","https://www.gravatar.com/avatar/bd5fd623c0fdd0c93a2535cf6293ec5d?s=256&d=identicon&r=PG",""
"640983","Israel","","","2011-03-02 10:33:02.900 UTC","2018-10-26 11:04:17.857 UTC","","572","86","3","142","",""
"362763407","Tensibai","<p>SysAdmin with some Dev capabilities.</p>\n\n<p>Addicted to automation and regexes.</p>","","2014-05-12 08:15:56.337 UTC","2018-11-30 15:39:08.520 UTC","Nantes, France","13739","892","295","1939","https://www.gravatar.com/avatar/bd5fd623c0fdd0c93a2535cf6293ec5d?s=256&d=identicon&r=PG",""
"36276407","Tensibai","<p>SysAdmin with some Dev capabilities.</p>\n\n<p>Addicted to automation and regexes.</p>","","2014-05-12 08:15:56.337 UTC","2018-11-30 15:39:08.520 UTC","Nantes, France","13739","892","295","1939","https://www.gravatar.com/avatar/bd5fd623c0fdd0c93a2535cf6293ec5d?s=256&d=identicon&r=PG",""
"507383440","MatthewD","<p>Another developer.  About 20 years and counting.</p>\n\n<h1>SOreadytohelp</h1>","","2015-07-02 12:45:13.940 UTC","2018-12-01 00:17:01.040 UTC","Denver, CO","5412","2304","17","613","https://i.stack.imgur.com/yRIIb.jpg?s=128&g=1",""
"3627606577","Tensibai","<p>SysAdmin with some Dev capabilities.</p>\n\n<p>Addicted to automation and regexes.</p>","","2014-05-12 08:15:56.337 UTC","2018-11-30 15:39:08.520 UTC","Nantes, France","13739","892","295","1939","https://www.gravatar.com/avatar/bd5fd623c0fdd0c93a2535cf6293ec5d?s=256&d=identicon&r=PG",""
"3627687907","Tensibai","<p>SysAdmin with some Dev capabilities.</p>\n\n<p>Addicted to automation and regexes.</p>","","2014-05-12 08:15:56.337 UTC","2018-11-30 15:39:08.520 UTC","Nantes, France","13739","892","295","1939","https://www.gravatar.com/avatar/bd5fd623c0fdd0c93a2535cf6293ec5d?s=256&d=identicon&r=PG",""
"542077878","Brian Lagunas","<p>XAML Product Manager for @Infragistics | Microsoft MVP | Microsoft P&P Champion | Owner of Prism | Speaker | Pluralsight Author | XAML | Xamarin</p>","","2015-10-07 23:52:47.497 UTC","2018-11-28 02:51:51.297 UTC","","5584","56","30","1162","https://i.stack.imgur.com/2mx58.png?s=128&g=1","http://brianlagunas.com"
"3627608797","Tensibai","<p>SysAdmin with some Dev capabilities.</p>\n\n<p>Addicted to automation and regexes.</p>","","2014-05-12 08:15:56.337 UTC","2018-11-30 15:39:08.520 UTC","Nantes, France","13739","892","295","1939","https://www.gravatar.com/avatar/bd5fd623c0fdd0c93a2535cf6293ec5d?s=256&d=identicon&r=PG",""
"5420787978","Brian Lagunas","<p>XAML Product Manager for @Infragistics | Microsoft MVP | Microsoft P&P Champion | Owner of Prism | Speaker | Pluralsight Author | XAML | Xamarin</p>","","2015-10-07 23:52:47.497 UTC","2018-11-28 02:51:51.297 UTC","","5584","56","30","1162","https://i.stack.imgur.com/2mx58.png?s=128&g=1","http://brianlagunas.com"
"5073887940","MatthewD","<p>Another developer.  About 20 years and counting.</p>\n\n<h1>SOreadytohelp</h1>","","2015-07-02 12:45:13.940 UTC","2018-12-01 00:17:01.040 UTC","Denver, CO","5412","2304","17","613","https://i.stack.imgur.com/yRIIb.jpg?s=128&g=1",""
"3627608797","Tensibai","<p>SysAdmin with some Dev capabilities.</p>\n\n<p>Addicted to automation and regexes.</p>","","2014-05-12 08:15:56.337 UTC","2018-11-30 15:39:08.520 UTC","Nantes, France","13739","892","295","1939","https://www.gravatar.com/avatar/bd5fd623c0fdd0c93a2535cf6293ec5d?s=256&d=identicon&r=PG",""
"5073847890","MatthewD","<p>Another developer.  About 20 years and counting.</p>\n\n<h1>SOreadytohelp</h1>","","2015-07-02 12:45:13.940 UTC","2018-12-01 00:17:01.040 UTC","Denver, CO","5412","2304","17","613","https://i.stack.imgur.com/yRIIb.jpg?s=128&g=1",""
"5073847890","MatthewD","<p>Another developer.  About 20 years and counting.</p>\n\n<h1>SOreadytohelp</h1>","","2015-07-02 12:45:13.940 UTC","2018-12-01 00:17:01.040 UTC","Denver, CO","5412","2304","17","613","https://i.stack.imgur.com/yRIIb.jpg?s=128&g=1",""
"362760897","Tensibai","<p>SysAdmin with some Dev capabilities.</p>\n\n<p>Addicted to automation and regexes.</p>","","2014-05-12 08:15:56.337 UTC","2018-11-30 15:39:08.520 UTC","Nantes, France","13739","892","295","1939","https://www.gravatar.com/avatar/bd5fd623c0fdd0c93a2535cf6293ec5d?s=256&d=identicon&r=PG",""